{"shown_warnings": [], "baseline_sha": "6849fcf31f4121a5632d87f5c9f76e80d5af4e6f", "head_at_capture": "d202dde055716003ea59ab99f4ea3b553badfa6f", "untracked_at_baseline": {"docs/azure/alz-bootstrap-evidence-14-7.md": 1780096511317279473, "docs/azure/pr-validation-policy-disable-13-1.md": 1780095008847535886, "terraform/modules/aks-monitoring/.terraform.lock.hcl": 1780096118887784267, "terraform/modules/aks-monitoring/kql/anomalous-api-access.kql.tftpl": 1780095922674600105, "terraform/modules/aks-monitoring/main.tf": 1780096289155306150, "terraform/modules/aks-monitoring/outputs.tf": 1780096077104858222, "terraform/modules/aks-monitoring/variables.tf": 1780096101419620247, "terraform/modules/aks-monitoring/versions.tf": 1780095867365649749}, "touched_paths": [], "rate_limits": {"CommitReview": [1780094151.662216, 1780094518.4922922], "PushSweep": [1780094531.796652]}}
