{"shown_warnings": [], "baseline_sha": "29d8360275a3101843399a22518f942cec9d70a7", "head_at_capture": "ad3d571cd50f580373d7524b97cca43cc55bed43", "untracked_at_baseline": {"_bmad-output/implementation-artifacts/15-2-revoke-legacy-shared-sp-secret.md": 1780080640679569041, "_bmad-output/story-automator/init-log-20260529T181411Z.md": 1780078451943779260, "_bmad-output/story-automator/preflight-15-20260529T181609Z.md": 1780078569681115749, "docs/azure/15-2-sp-secret-revocation-receipt.md": 1780080600283289762, "tests/evidence/15-2-sp-secret-revocation-receipt.bats": 1780080112316852581}, "touched_paths": [], "rate_limits": {"CommitReview": [1780081236.792174], "PushSweep": [1780081250.4427662]}}
