{"shown_warnings": [], "baseline_sha": "274aa0cd5be78ac039e24a1ab6e519cdd560a7de", "head_at_capture": "3ae14c414f52453658c624035d0aca3b2cc12536", "untracked_at_baseline": {"skills/knowledge-base-health-check/SKILL.md": 1779718268171247562, "skills/ship/SKILL.md": 1779993037065030470, "skills/ship/assets/pr-template.md": 1779992997478377104, "skills/ship/references/azure-devops.md": 1779992979405225161, "skills/ship/references/github.md": 1779992992026329712, "skills/ship/scripts/ship-detect.sh": 1779992922644681093, "skills/ship/scripts/ship-lib.sh": 1779993070723492380, "skills/ship/scripts/ship-pr.sh": 1779992952538866800, "skills/ship/scripts/ship-push.sh": 1779992933121516848}, "touched_paths": [], "rate_limits": {"CommitReview": [1779993806.0654771], "PushSweep": [1779993829.8282611]}}
