{"shown_warnings": [], "baseline_sha": "be76e4f191f5f079e07115f256d91f9e9d7b586e", "head_at_capture": "6506cf59f6d7054c745e5fd47ffe40a5783ec18e", "untracked_at_baseline": {".claude/scheduled_tasks.lock": 1780087374805977799, "_bmad-output/story-automator/init-log-20260529-191804.md": 1780082284427410689}, "touched_paths": [], "rate_limits": {"CommitReview": [1780083948.5095649], "PushSweep": [1780083964.520204]}}
